,PlayKey,time,event,x,y,dir,dis,o,s
0,26624-1-1,0,huddle_start_offense,87.46,28.93,288.24,0.01,262.33,0.13
1,26624-1-1,0.1,,87.45,28.92,283.91,0.01,261.69,0.12
2,26624-1-1,0.2,,87.44,28.92,280.4,0.01,261.17,0.12
3,26624-1-1,0.3,,87.44,28.92,278.79,0.01,260.66,0.1
4,26624-1-1,0.4,,87.44,28.92,275.44,0.01,260.27,0.09
5,26624-1-1,0.5,,87.45,28.92,270.06,0.01,260.08,0.07
6,26624-1-1,0.6,,87.46,28.92,265.05,0.01,260.05,0.05
7,26624-1-1,0.7,,87.46,28.92,255.75,0,260.28,0.02
8,26624-1-1,0.8,,87.46,28.92,244.56,0,260.72,0.01
9,26624-1-1,0.9,,87.46,28.92,220.57,0,261.26,0.01
10,26624-1-1,1,,87.46,28.92,188.42,0,261.79,0
11,26624-1-1,1.1,,87.46,28.92,118.12,0,262.32,0.01
12,26624-1-1,1.2,,87.45,28.92,105.26,0,262.83,0.01
13,26624-1-1,1.3,,87.45,28.92,117.95,0,263.29,0.01
14,26624-1-1,1.4,,87.45,28.92,177.22,0,263.72,0
15,26624-1-1,1.5,,87.45,28.92,227.39,0,264.12,0.01
16,26624-1-1,1.6,,87.45,28.92,235.38,0,264.52,0
17,26624-1-1,1.7,,87.45,28.92,245.87,0,264.89,0
18,26624-1-1,1.8,,87.45,28.92,246.84,0,265.21,0
19,26624-1-1,1.9,,87.45,28.92,219.7,0,265.49,0
20,26624-1-1,2,,87.45,28.92,174.58,0,265.72,0
21,26624-1-1,2.1,,87.45,28.92,140.45,0,265.92,0
22,26624-1-1,2.2,,87.45,28.91,124.16,0,266.08,0.01
23,26624-1-1,2.3,,87.45,28.91,118.58,0,266.22,0.01
24,26624-1-1,2.4,,87.45,28.91,115.21,0,266.33,0.01
25,26624-1-1,2.5,,87.45,28.91,111.46,0,266.41,0.01
26,26624-1-1,2.6,,87.45,28.91,107.99,0,266.48,0.01
27,26624-1-1,2.7,,87.45,28.91,105.14,0,266.53,0.01
28,26624-1-1,2.8,,87.45,28.91,102.31,0,266.57,0.02
29,26624-1-1,2.9,,87.46,28.91,99.76,0,266.6,0.02
30,26624-1-1,3,,87.46,28.91,96.47,0,266.64,0.02
31,26624-1-1,3.1,,87.46,28.91,92.74,0,266.67,0.02
32,26624-1-1,3.2,,87.46,28.91,88.16,0,266.71,0.02
33,26624-1-1,3.3,,87.47,28.91,82.2,0,266.76,0.02
34,26624-1-1,3.4,,87.47,28.91,74.54,0,266.81,0.02
35,26624-1-1,3.5,,87.47,28.91,64.74,0,266.86,0.02
36,26624-1-1,3.6,,87.48,28.91,52.49,0,266.91,0.02
37,26624-1-1,3.7,,87.48,28.91,37.76,0,266.97,0.02
38,26624-1-1,3.8,,87.48,28.91,21.79,0,267.01,0.02
39,26624-1-1,3.9,,87.48,28.91,1.84,0,267.03,0.02
40,26624-1-1,4,,87.48,28.91,337.87,0,267.02,0.05
41,26624-1-1,4.1,huddle_break_offense,87.48,28.92,325.16,0,266.96,0.17
42,26624-1-1,4.2,,87.48,28.92,320.6,0,266.84,0.32
43,26624-1-1,4.3,,87.48,28.92,317.99,0,266.61,0.45
44,26624-1-1,4.4,,87.48,28.93,315.72,0,266,0.54
45,26624-1-1,4.5,,87.48,28.93,313.13,0.01,264.01,0.6
46,26624-1-1,4.6,,87.47,28.94,310.74,0.01,260.36,0.65
47,26624-1-1,4.7,,87.47,28.94,308.21,0.01,255.53,0.69
48,26624-1-1,4.8,,87.46,28.95,306.12,0.02,250.04,0.74
49,26624-1-1,4.9,,87.42,29,304.27,0.06,244.13,0.79
50,26624-1-1,5,,87.29,29.16,302.47,0.21,237.84,0.84
51,26624-1-1,5.1,,87.1,29.36,300.73,0.28,231.17,0.89
52,26624-1-1,5.2,,86.93,29.51,299.22,0.23,224.28,0.94
53,26624-1-1,5.3,,86.79,29.6,297.7,0.16,217.43,0.99
54,26624-1-1,5.4,,86.69,29.65,296.21,0.11,210.72,1.03
55,26624-1-1,5.5,,86.6,29.67,294.48,0.1,204.26,1.08
56,26624-1-1,5.6,,86.5,29.68,292.69,0.1,198.18,1.12
57,26624-1-1,5.7,,86.4,29.7,291.06,0.1,193.08,1.16
58,26624-1-1,5.8,,86.3,29.72,289.13,0.1,189.29,1.17
59,26624-1-1,5.9,,86.2,29.73,284.96,0.1,186.52,1.12
60,26624-1-1,6,,86.11,29.74,279.14,0.1,184.1,1.03
61,26624-1-1,6.1,,86,29.75,273.87,0.1,181.77,0.96
62,26624-1-1,6.2,,85.91,29.75,270.75,0.1,179.67,0.92
63,26624-1-1,6.3,,85.81,29.75,269.13,0.1,177.94,0.9
64,26624-1-1,6.4,,85.71,29.74,268.52,0.1,176.56,0.89
65,26624-1-1,6.5,,85.61,29.72,268.4,0.1,175.41,0.87
66,26624-1-1,6.6,,85.52,29.7,268.68,0.09,174.51,0.84
67,26624-1-1,6.7,,85.43,29.69,269.45,0.09,173.91,0.81
68,26624-1-1,6.8,,85.35,29.67,270.01,0.08,173.6,0.78
69,26624-1-1,6.9,,85.27,29.65,270.68,0.08,173.65,0.75
70,26624-1-1,7,,85.2,29.63,271.53,0.08,174.04,0.72
71,26624-1-1,7.1,,85.13,29.63,272.66,0.07,174.66,0.68
72,26624-1-1,7.2,,85.07,29.62,273.76,0.06,175.52,0.64
73,26624-1-1,7.3,,85,29.63,275.08,0.06,176.35,0.6
74,26624-1-1,7.4,,84.94,29.64,277.13,0.06,176.93,0.56
75,26624-1-1,7.5,,84.89,29.67,279.06,0.06,177.17,0.52
76,26624-1-1,7.6,,84.85,29.7,280.49,0.06,177.14,0.48
77,26624-1-1,7.7,,84.8,29.73,282.23,0.06,176.93,0.44
78,26624-1-1,7.8,,84.75,29.75,284.53,0.05,176.61,0.41
79,26624-1-1,7.9,,84.71,29.78,286.9,0.05,176.25,0.38
80,26624-1-1,8,,84.69,29.81,288.17,0.04,175.87,0.35
81,26624-1-1,8.1,,84.66,29.83,289.94,0.03,175.37,0.32
82,26624-1-1,8.2,,84.64,29.83,290.49,0.02,174.84,0.29
83,26624-1-1,8.3,,84.62,29.84,290.55,0.02,174.31,0.26
84,26624-1-1,8.4,,84.6,29.85,288.25,0.02,173.66,0.24
85,26624-1-1,8.5,line_set,84.59,29.85,283.47,0.01,173.11,0.22
86,26624-1-1,8.6,,84.58,29.84,279.57,0.01,172.83,0.19
87,26624-1-1,8.7,,84.56,29.83,275.08,0.02,172.79,0.17
88,26624-1-1,8.8,,84.55,29.83,268.05,0.02,172.87,0.16
89,26624-1-1,8.9,,84.54,29.82,260.38,0.01,172.99,0.15
90,26624-1-1,9,,84.53,29.82,253.31,0.01,173.11,0.13
91,26624-1-1,9.1,,84.51,29.81,249.73,0.02,173.23,0.13
92,26624-1-1,9.2,,84.5,29.81,245.41,0.02,173.45,0.12
93,26624-1-1,9.3,,84.48,29.8,242.56,0.02,173.89,0.11
94,26624-1-1,9.4,,84.47,29.8,241.96,0.02,174.44,0.11
95,26624-1-1,9.5,,84.45,29.79,241.76,0.02,175.02,0.1
96,26624-1-1,9.6,,84.44,29.78,241.9,0.02,175.61,0.1
97,26624-1-1,9.7,,84.43,29.77,242.91,0.01,176.14,0.09
98,26624-1-1,9.8,,84.43,29.76,244.03,0.01,176.58,0.08
99,26624-1-1,9.9,,84.43,29.76,244.16,0.01,176.98,0.08
100,26624-1-1,10,,84.43,29.75,244,0.01,177.42,0.07
101,26624-1-1,10.1,,84.42,29.75,243.93,0,177.89,0.06
102,26624-1-1,10.2,,84.42,29.75,243.73,0,178.37,0.05
103,26624-1-1,10.3,,84.42,29.75,243.05,0,178.79,0.04
104,26624-1-1,10.4,,84.41,29.75,245.36,0,179.12,0.03
105,26624-1-1,10.5,,84.41,29.75,250.85,0,179.27,0.02
106,26624-1-1,10.6,,84.41,29.75,262.44,0,179.3,0.02
107,26624-1-1,10.7,,84.41,29.76,277.79,0,179.31,0.02
108,26624-1-1,10.8,,84.41,29.76,289.58,0,179.31,0.02
109,26624-1-1,10.9,,84.4,29.76,297.52,0,179.34,0.02
110,26624-1-1,11,,84.4,29.76,303.32,0,179.41,0.02
111,26624-1-1,11.1,,84.4,29.76,307.73,0,179.5,0.02
112,26624-1-1,11.2,,84.4,29.76,310.52,0,179.59,0.02
113,26624-1-1,11.3,,84.4,29.76,311.21,0,179.69,0.02
114,26624-1-1,11.4,,84.4,29.76,310.63,0,179.82,0.02
115,26624-1-1,11.5,,84.4,29.77,309.22,0,179.99,0.02
116,26624-1-1,11.6,,84.39,29.77,306.48,0,180.17,0.02
117,26624-1-1,11.7,,84.39,29.77,303.2,0,180.39,0.01
118,26624-1-1,11.8,,84.39,29.77,298.84,0,180.6,0.01
119,26624-1-1,11.9,,84.39,29.77,293.28,0,180.81,0.01
120,26624-1-1,12,,84.39,29.77,287.41,0,181,0.01
121,26624-1-1,12.1,,84.39,29.77,281.99,0,181.17,0.01
122,26624-1-1,12.2,,84.39,29.77,276.72,0,181.33,0.01
123,26624-1-1,12.3,,84.39,29.77,271.62,0,181.47,0.01
124,26624-1-1,12.4,,84.39,29.77,266.39,0,181.6,0.01
125,26624-1-1,12.5,,84.38,29.77,261.69,0,181.72,0.01
126,26624-1-1,12.6,,84.38,29.77,258.4,0,181.83,0.01
127,26624-1-1,12.7,,84.38,29.77,255.94,0,181.93,0.01
128,26624-1-1,12.8,,84.38,29.77,253.84,0,182.02,0.01
129,26624-1-1,12.9,,84.38,29.77,252.34,0,182.11,0.01
130,26624-1-1,13,,84.38,29.77,250.76,0,182.22,0.01
131,26624-1-1,13.1,,84.38,29.77,248.48,0,182.36,0.01
132,26624-1-1,13.2,,84.38,29.77,245.54,0,182.52,0.01
133,26624-1-1,13.3,,84.38,29.77,242.78,0,182.7,0.01
134,26624-1-1,13.4,,84.37,29.77,240.89,0,182.89,0.01
135,26624-1-1,13.5,,84.37,29.77,238.95,0,183.08,0.02
136,26624-1-1,13.6,,84.37,29.77,237.01,0,183.28,0.02
137,26624-1-1,13.7,,84.37,29.77,234.41,0,183.5,0.02
138,26624-1-1,13.8,,84.37,29.77,230.55,0,183.74,0.02
139,26624-1-1,13.9,,84.37,29.77,225.62,0,184.01,0.02
140,26624-1-1,14,,84.36,29.77,220.06,0,184.3,0.02
141,26624-1-1,14.1,,84.36,29.76,214.28,0,184.6,0.02
142,26624-1-1,14.2,,84.36,29.76,208.54,0,184.92,0.02
143,26624-1-1,14.3,,84.36,29.76,202.48,0,185.23,0.02
144,26624-1-1,14.4,,84.36,29.76,196.14,0,185.55,0.02
145,26624-1-1,14.5,,84.36,29.75,189.48,0,185.88,0.02
146,26624-1-1,14.6,,84.36,29.75,183.58,0,186.22,0.02
147,26624-1-1,14.7,,84.36,29.75,177.81,0,186.58,0.02
148,26624-1-1,14.8,,84.36,29.74,171.92,0,186.92,0.02
149,26624-1-1,14.9,,84.36,29.74,165.66,0,187.23,0.02
150,26624-1-1,15,,84.36,29.74,157.83,0,187.51,0.02
151,26624-1-1,15.1,,84.36,29.74,147.45,0,187.74,0.02
152,26624-1-1,15.2,,84.36,29.74,135.17,0,187.91,0.02
153,26624-1-1,15.3,,84.36,29.73,122.96,0,188.01,0.02
154,26624-1-1,15.4,,84.36,29.73,112.73,0,188.04,0.03
155,26624-1-1,15.5,,84.37,29.73,102.65,0,187.99,0.04
156,26624-1-1,15.6,,84.37,29.73,95.82,0,187.89,0.12
157,26624-1-1,15.7,,84.37,29.73,94.81,0,187.75,0.33
158,26624-1-1,15.8,,84.37,29.73,94.9,0,187.6,0.6
159,26624-1-1,15.9,,84.38,29.73,95.04,0,187.5,0.85
160,26624-1-1,16,,84.38,29.73,95.2,0,187.85,1.07
161,26624-1-1,16.1,,84.39,29.74,95.04,0.01,189.03,1.27
162,26624-1-1,16.2,ball_snap,84.39,29.74,94.89,0.01,191.09,1.46
163,26624-1-1,16.3,,84.4,29.74,94.54,0.01,193.77,1.65
164,26624-1-1,16.4,,84.43,29.74,94.14,0.03,196.86,1.84
165,26624-1-1,16.5,,84.58,29.73,93.86,0.15,200.37,2.03
166,26624-1-1,16.6,,84.95,29.7,93.79,0.37,204.4,2.2
167,26624-1-1,16.7,,85.43,29.65,93.91,0.48,208.64,2.36
168,26624-1-1,16.8,,85.89,29.6,94.02,0.46,212.76,2.5
169,26624-1-1,16.9,,86.28,29.56,94.1,0.39,216.66,2.63
170,26624-1-1,17,,86.64,29.53,94.27,0.36,220.6,2.74
171,26624-1-1,17.1,,86.98,29.51,94.6,0.34,224.35,2.83
172,26624-1-1,17.2,,87.32,29.5,94.97,0.34,227.73,2.9
173,26624-1-1,17.3,,87.68,29.49,95.32,0.36,229.94,2.94
174,26624-1-1,17.4,,88.02,29.49,95.68,0.35,231,2.9
175,26624-1-1,17.5,,88.33,29.47,96.18,0.31,231.21,2.72
176,26624-1-1,17.6,,88.6,29.44,96.76,0.28,230.98,2.48
177,26624-1-1,17.7,,88.87,29.42,97.29,0.26,230.2,2.24
178,26624-1-1,17.8,,89.11,29.4,97.91,0.24,228.92,2.03
179,26624-1-1,17.9,,89.31,29.37,99.01,0.21,227.66,1.84
180,26624-1-1,18,,89.48,29.33,100.59,0.17,226.76,1.67
181,26624-1-1,18.1,,89.6,29.28,102.96,0.13,226.22,1.5
182,26624-1-1,18.2,,89.7,29.24,105.66,0.11,225.71,1.33
183,26624-1-1,18.3,,89.77,29.21,109.33,0.08,225.35,1.16
184,26624-1-1,18.4,,89.82,29.17,113.16,0.07,224.53,1.01
185,26624-1-1,18.5,,89.86,29.12,117.54,0.06,223.92,0.88
186,26624-1-1,18.6,,89.88,29.09,123.52,0.04,223.26,0.77
187,26624-1-1,18.7,,89.9,29.06,130.43,0.04,222.34,0.67
188,26624-1-1,18.8,,89.91,29.02,136.31,0.04,221.36,0.61
189,26624-1-1,18.9,,89.94,28.96,141.14,0.07,219.57,0.55
190,26624-1-1,19,,89.96,28.89,143.76,0.07,216.11,0.51
191,26624-1-1,19.1,,89.98,28.85,144.36,0.05,210.62,0.48
192,26624-1-1,19.2,,90,28.79,143.19,0.06,203.48,0.46
193,26624-1-1,19.3,,90,28.75,139.92,0.04,194.64,0.45
194,26624-1-1,19.4,,90.01,28.71,135.24,0.04,183.55,0.46
195,26624-1-1,19.5,,90.02,28.65,130.59,0.06,170.29,0.47
196,26624-1-1,19.6,pass_forward,90.03,28.61,125.06,0.04,156,0.49
197,26624-1-1,19.7,,90.07,28.58,119.11,0.05,142.25,0.52
198,26624-1-1,19.8,,90.1,28.55,113.77,0.04,130.55,0.54
199,26624-1-1,19.9,,90.15,28.54,108.8,0.05,121.43,0.57
200,26624-1-1,20,,90.21,28.54,106.03,0.06,114.76,0.61
201,26624-1-1,20.1,,90.26,28.55,103.24,0.06,110.05,0.65
202,26624-1-1,20.2,,90.34,28.55,101.82,0.08,107.09,0.69
203,26624-1-1,20.3,,90.44,28.54,100.32,0.1,106.82,0.73
204,26624-1-1,20.4,,90.53,28.54,98.54,0.09,108.63,0.75
205,26624-1-1,20.5,,90.63,28.55,97.67,0.1,112.09,0.77
206,26624-1-1,20.6,,90.72,28.56,98.1,0.1,116.5,0.77
207,26624-1-1,20.7,,90.83,28.57,99.36,0.1,121.32,0.77
208,26624-1-1,20.8,,90.93,28.56,101.48,0.11,126.15,0.76
209,26624-1-1,20.9,,91.03,28.55,104.65,0.1,130.51,0.74
210,26624-1-1,21,,91.13,28.53,108.41,0.1,134.11,0.72
211,26624-1-1,21.1,,91.22,28.5,112.67,0.09,137,0.68
212,26624-1-1,21.2,,91.29,28.48,118.01,0.08,139,0.63
213,26624-1-1,21.3,,91.35,28.45,124.74,0.06,140.05,0.6
214,26624-1-1,21.4,,91.4,28.43,133.27,0.06,140.28,0.57
215,26624-1-1,21.5,,91.44,28.38,142.61,0.06,139.77,0.56
216,26624-1-1,21.6,,91.47,28.33,152.11,0.06,138.45,0.57
217,26624-1-1,21.7,pass_arrived,91.49,28.27,161.33,0.06,136.26,0.57
218,26624-1-1,21.8,,91.49,28.2,169.7,0.06,133.4,0.59
219,26624-1-1,21.9,,91.49,28.14,176.96,0.06,130.17,0.61
220,26624-1-1,22,,91.47,28.08,182.85,0.07,126.82,0.65
221,26624-1-1,22.1,,91.44,28.01,187.81,0.08,123.44,0.69
222,26624-1-1,22.2,,91.41,27.93,191.14,0.08,120.36,0.74
223,26624-1-1,22.3,,91.37,27.85,193.58,0.09,117.63,0.79
224,26624-1-1,22.4,pass_outcome_incomplete,91.34,27.76,195.89,0.1,115.46,0.82
225,26624-1-1,22.5,,91.3,27.67,197.85,0.1,113.81,0.85
226,26624-1-1,22.6,,91.26,27.59,199.34,0.09,112.61,0.87
227,26624-1-1,22.7,,91.22,27.51,200.02,0.09,112.02,0.89
228,26624-1-1,22.8,,91.19,27.42,200.21,0.09,112.3,0.92
229,26624-1-1,22.9,,91.16,27.34,199.63,0.09,113.41,0.94
230,26624-1-1,23,,91.12,27.24,199.3,0.1,115.12,0.96
231,26624-1-1,23.1,,91.09,27.14,198.57,0.1,117.04,0.97
232,26624-1-1,23.2,,91.07,27.04,197.81,0.1,119.18,0.98
233,26624-1-1,23.3,,91.04,26.96,197.2,0.09,121.56,0.98
234,26624-1-1,23.4,,91.01,26.87,196.55,0.09,123.92,0.99
235,26624-1-1,23.5,,90.98,26.79,195.54,0.09,125.92,1
236,26624-1-1,23.6,,90.94,26.7,194.4,0.1,127.38,1.01
237,26624-1-1,23.7,,90.92,26.59,193.6,0.11,128.31,1.03
238,26624-1-1,23.8,,90.9,26.49,193.29,0.11,128.67,1.04
239,26624-1-1,23.9,,90.87,26.38,193.25,0.11,128.31,1.04
240,26624-1-1,24,,90.85,26.27,193.45,0.11,127.21,1.04
241,26624-1-1,24.1,,90.83,26.17,193.76,0.1,125.47,1.03
242,26624-1-1,24.2,,90.81,26.07,193.99,0.1,123.36,1.04
243,26624-1-1,24.3,,90.79,25.97,194.19,0.1,121.05,1.04
244,26624-1-1,24.4,,90.78,25.85,194.18,0.11,118.46,1.05
245,26624-1-1,24.5,,90.76,25.74,193.66,0.12,115.62,1.04
246,26624-1-1,24.6,,90.75,25.62,193.08,0.12,112.62,1.03
247,26624-1-1,24.7,,90.73,25.52,192.87,0.11,109.8,1.02
248,26624-1-1,24.8,,90.69,25.42,192.6,0.1,107.35,1
249,26624-1-1,24.9,,90.66,25.33,192.28,0.1,105.39,0.99
250,26624-1-1,25,,90.63,25.24,191.95,0.1,103.97,0.98
251,26624-1-1,25.1,,90.59,25.15,191.81,0.1,102.96,0.97
252,26624-1-1,25.2,,90.55,25.06,191.74,0.1,102.15,0.96
253,26624-1-1,25.3,,90.51,24.97,192.01,0.1,101.63,0.93
254,26624-1-1,25.4,,90.5,24.88,192.31,0.09,101.38,0.91
255,26624-1-1,25.5,,90.5,24.79,192.71,0.09,101.52,0.88
256,26624-1-1,25.6,,90.49,24.7,192.99,0.08,102.13,0.86
257,26624-1-1,25.7,,90.48,24.61,193,0.09,103.25,0.84
258,26624-1-1,25.8,,90.47,24.53,193.18,0.09,104.73,0.82
259,26624-1-1,25.9,,90.46,24.44,193.31,0.09,106.3,0.79
260,26624-1-1,26,,90.46,24.36,192.95,0.08,107.84,0.77
261,26624-1-1,26.1,,90.44,24.28,192.24,0.08,109.29,0.73
262,26624-1-1,26.2,,90.43,24.21,191.55,0.07,110.94,0.7
263,26624-1-1,26.3,,90.42,24.14,191.56,0.07,112.93,0.66
264,26624-1-1,26.4,,90.4,24.07,191.75,0.07,115.37,0.63
265,26624-1-1,26.5,,90.38,24.01,191.12,0.07,118,0.59
266,26624-1-1,26.6,,90.35,23.95,189.73,0.07,120.77,0.55
267,26624-1-1,26.7,,90.32,23.9,188.65,0.06,123.75,0.51
268,26624-1-1,26.8,,90.3,23.85,187.94,0.06,126.83,0.46
269,26624-1-1,26.9,,90.28,23.81,186.54,0.05,130.02,0.41
270,26624-1-1,27,,90.27,23.77,183.88,0.04,133.34,0.37
271,26624-1-1,27.1,,90.26,23.74,180.09,0.03,136.9,0.33
272,26624-1-1,27.2,,90.26,23.71,175.69,0.03,140.55,0.28
273,26624-1-1,27.3,,90.27,23.68,169.31,0.03,144.18,0.25
274,26624-1-1,27.4,,90.29,23.65,158.67,0.03,147.55,0.21
275,26624-1-1,27.5,,90.31,23.63,143.42,0.03,150.68,0.18
276,26624-1-1,27.6,,90.33,23.62,124.45,0.03,153.61,0.17
277,26624-1-1,27.7,,90.35,23.62,105.86,0.02,156.49,0.18
278,26624-1-1,27.8,,90.37,23.62,91.75,0.02,159.14,0.19
279,26624-1-1,27.9,,90.4,23.62,82.84,0.03,161.36,0.21
280,26624-1-1,28,,90.43,23.62,75.58,0.03,163.21,0.23
281,26624-1-1,28.1,,90.46,23.63,69.41,0.03,164.74,0.25
282,26624-1-1,28.2,,90.48,23.64,63.92,0.03,165.98,0.26
283,26624-1-1,28.3,,90.52,23.66,58.42,0.04,167.03,0.27
284,26624-1-1,28.4,,90.55,23.69,52.91,0.04,168.09,0.28
285,26624-1-1,28.5,,90.57,23.72,48.59,0.05,169.24,0.28
286,26624-1-1,28.6,,90.6,23.76,46.76,0.05,170.4,0.28
287,26624-1-1,28.7,,90.62,23.79,44.1,0.04,171.44,0.28
288,26624-1-1,28.8,,90.65,23.82,41.46,0.03,172.26,0.27
289,26624-1-1,28.9,,90.67,23.84,38.46,0.03,172.85,0.26
290,26624-1-1,29,,90.68,23.86,35.61,0.03,173.32,0.25
291,26624-1-1,29.1,,90.69,23.89,32.54,0.02,173.74,0.24
292,26624-1-1,29.2,,90.7,23.91,28.68,0.02,174.17,0.23
293,26624-1-1,29.3,,90.71,23.93,25.59,0.03,174.62,0.21
294,26624-1-1,29.4,,90.71,23.96,23.51,0.02,175.11,0.19
295,26624-1-1,29.5,,90.72,23.96,20.93,0.01,175.57,0.17
296,26624-1-1,29.6,,90.72,23.97,17.95,0.01,175.92,0.15
297,26624-1-1,29.7,,90.72,23.98,13.81,0.01,176.11,0.14
298,26624-1-1,29.8,,90.72,23.99,9.55,0.01,176.18,0.12
299,26624-1-2,0,huddle_start_offense,88.74,28.02,69.05,0.02,274.74,0.08
300,26624-1-2,0.1,,88.77,28.02,70.21,0.03,274.63,0.08
301,26624-1-2,0.2,,88.8,28.02,69.84,0.03,274.41,0.07
302,26624-1-2,0.3,,88.86,28.02,69.8,0.06,274.11,0.06
303,26624-1-2,0.4,,88.91,28.02,67.9,0.06,273.82,0.05
304,26624-1-2,0.5,,88.92,28.03,40.03,0.01,273.69,0.03
305,26624-1-2,0.6,,88.94,28.03,325.1,0.01,273.62,0.04
306,26624-1-2,0.7,,88.98,28.03,57.49,0.04,273.52,0.05
307,26624-1-2,0.8,,89.02,28.03,85.36,0.05,273.38,0.08
308,26624-1-2,0.9,,88.99,28.02,91.8,0.03,273.2,0.07
309,26624-1-2,1,,88.98,28.02,107.65,0.01,272.94,0.03
310,26624-1-2,1.1,,89.01,28.03,227.44,0.03,272.65,0.02
311,26624-1-2,1.2,,89,28.03,258.91,0,272.38,0.05
312,26624-1-2,1.3,,88.98,28.03,261.6,0.02,272.07,0.08
313,26624-1-2,1.4,,88.95,28.03,259.18,0.03,271.65,0.08
314,26624-1-2,1.5,,88.93,28.04,254.96,0.02,271.1,0.08
315,26624-1-2,1.6,,88.92,28.03,251.7,0.01,270.29,0.09
316,26624-1-2,1.7,,88.9,28.02,251.52,0.02,269.22,0.11
317,26624-1-2,1.8,,88.86,28.01,243.75,0.04,268.08,0.07
318,26624-1-2,1.9,,88.81,28.01,229.35,0.05,266.96,0.05
319,26624-1-2,2,,88.78,28,220.1,0.03,265.76,0.04
320,26624-1-2,2.1,,88.77,28,182.5,0.01,264.42,0.04
321,26624-1-2,2.2,,88.76,28,129.79,0.01,262.95,0.06
322,26624-1-2,2.3,,88.78,28,127.25,0.01,261.28,0.07
323,26624-1-2,2.4,,88.8,28,123.61,0.02,259.44,0.08
324,26624-1-2,2.5,,88.82,27.98,119.62,0.02,257.42,0.08
325,26624-1-2,2.6,,88.84,27.97,112.77,0.03,255.33,0.07
326,26624-1-2,2.7,,88.88,27.97,98.43,0.04,253.27,0.07
327,26624-1-2,2.8,,88.92,27.97,80.03,0.04,251.36,0.08
328,26624-1-2,2.9,,88.96,27.97,57.16,0.04,249.41,0.08
329,26624-1-2,3,,89,27.96,31.2,0.05,247.48,0.07
330,26624-1-2,3.1,,89.06,27.96,1.73,0.06,245.7,0.08
331,26624-1-2,3.2,,89.06,27.96,335.34,0.01,244.17,0.12
332,26624-1-2,3.3,,89.05,27.95,321.83,0.01,242.77,0.18
333,26624-1-2,3.4,,89.04,27.96,316.08,0.01,241.48,0.25
334,26624-1-2,3.5,huddle_break_offense,89.02,27.97,312.89,0.02,240.31,0.32
335,26624-1-2,3.6,,88.99,28,310.55,0.04,239.3,0.41
336,26624-1-2,3.7,,88.95,28.03,308.88,0.06,238.37,0.5
337,26624-1-2,3.8,,88.89,28.07,307.38,0.07,237.13,0.59
338,26624-1-2,3.9,,88.84,28.11,306.56,0.07,235.48,0.68
339,26624-1-2,4,,88.77,28.14,305.37,0.08,233.46,0.78
340,26624-1-2,4.1,,88.69,28.19,305.58,0.09,231.3,0.85
341,26624-1-2,4.2,,88.61,28.25,305.26,0.1,228.81,0.93
342,26624-1-2,4.3,,88.51,28.3,304.62,0.11,225.95,0.99
343,26624-1-2,4.4,,88.42,28.37,303.88,0.11,222.93,1.06
344,26624-1-2,4.5,,88.32,28.45,303.31,0.13,220,1.11
345,26624-1-2,4.6,,88.22,28.53,302.52,0.13,217.14,1.16
346,26624-1-2,4.7,,88.11,28.61,301.5,0.13,214.37,1.2
347,26624-1-2,4.8,,88.01,28.69,300.68,0.13,211.54,1.23
348,26624-1-2,4.9,,87.92,28.77,299.95,0.13,208.82,1.26
349,26624-1-2,5,,87.81,28.85,299.02,0.13,206.5,1.29
350,26624-1-2,5.1,,87.69,28.92,298.1,0.14,204.57,1.3
351,26624-1-2,5.2,,87.57,28.97,297.01,0.13,203,1.31
352,26624-1-2,5.3,,87.45,29.03,295.85,0.14,201.66,1.31
353,26624-1-2,5.4,,87.31,29.1,294.42,0.15,200.55,1.31
354,26624-1-2,5.5,,87.19,29.15,292.95,0.14,199.48,1.3
355,26624-1-2,5.6,,87.06,29.2,291.62,0.14,198.19,1.29
356,26624-1-2,5.7,,86.93,29.24,290.19,0.14,196.63,1.28
357,26624-1-2,5.8,,86.8,29.28,288.61,0.14,194.92,1.27
358,26624-1-2,5.9,,86.67,29.31,287.5,0.14,193.07,1.25
359,26624-1-2,6,,86.54,29.35,286.45,0.13,191.31,1.23
360,26624-1-2,6.1,,86.42,29.37,286.15,0.13,189.69,1.2
361,26624-1-2,6.2,,86.29,29.39,285.79,0.12,188.4,1.18
362,26624-1-2,6.3,,86.18,29.42,285.27,0.12,187.41,1.14
363,26624-1-2,6.4,,86.06,29.44,285.13,0.11,186.65,1.11
364,26624-1-2,6.5,,85.96,29.46,285.05,0.11,186,1.07
365,26624-1-2,6.6,,85.85,29.48,284.99,0.11,185.57,1.04
366,26624-1-2,6.7,,85.75,29.5,284.96,0.1,185.45,1
367,26624-1-2,6.8,,85.66,29.53,284.91,0.09,185.49,0.95
368,26624-1-2,6.9,,85.57,29.54,284.78,0.09,185.67,0.91
369,26624-1-2,7,,85.49,29.58,284.6,0.09,185.78,0.87
370,26624-1-2,7.1,,85.41,29.61,284.11,0.09,185.96,0.82
371,26624-1-2,7.2,,85.34,29.64,283,0.08,185.99,0.77
372,26624-1-2,7.3,,85.27,29.67,281.71,0.08,185.84,0.73
373,26624-1-2,7.4,,85.2,29.7,281.14,0.08,185.31,0.69
374,26624-1-2,7.5,,85.13,29.72,280.62,0.07,184.31,0.65
375,26624-1-2,7.6,,85.06,29.74,279.59,0.07,182.97,0.62
376,26624-1-2,7.7,,85.01,29.76,278.43,0.06,181.61,0.58
377,26624-1-2,7.8,,84.96,29.77,278.09,0.05,180.21,0.54
378,26624-1-2,7.9,,84.91,29.77,276.58,0.05,178.65,0.51
379,26624-1-2,8,,84.86,29.76,274.25,0.05,177.09,0.48
380,26624-1-2,8.1,,84.82,29.73,270.6,0.05,175.78,0.45
381,26624-1-2,8.2,,84.78,29.71,267.14,0.04,174.9,0.43
382,26624-1-2,8.3,,84.75,29.7,265.05,0.04,174.17,0.41
383,26624-1-2,8.4,,84.7,29.7,263.58,0.04,173.46,0.39
384,26624-1-2,8.5,,84.66,29.69,261.94,0.04,172.73,0.37
385,26624-1-2,8.6,,84.63,29.68,258.83,0.03,172.11,0.35
386,26624-1-2,8.7,,84.61,29.68,255.38,0.02,171.87,0.33
387,26624-1-2,8.8,line_set,84.58,29.68,254.43,0.03,171.9,0.31
388,26624-1-2,8.9,,84.55,29.67,254.16,0.03,172.01,0.29
389,26624-1-2,9,,84.52,29.65,254.98,0.04,172.25,0.27
390,26624-1-2,9.1,,84.49,29.63,256.21,0.03,172.83,0.25
391,26624-1-2,9.2,,84.47,29.64,256.42,0.03,173.73,0.23
392,26624-1-2,9.3,,84.43,29.64,256.29,0.03,174.58,0.21
393,26624-1-2,9.4,,84.41,29.65,256.39,0.03,175.27,0.18
394,26624-1-2,9.5,,84.39,29.63,256.4,0.02,176.1,0.17
395,26624-1-2,9.6,,84.38,29.62,254.84,0.02,177.3,0.15
396,26624-1-2,9.7,,84.37,29.62,252.18,0.01,178.89,0.14
397,26624-1-2,9.8,,84.36,29.61,251.95,0.01,180.69,0.12
398,26624-1-2,9.9,,84.35,29.61,256.71,0.01,182.55,0.1
399,26624-1-2,10,,84.34,29.6,258.96,0.01,184.48,0.09
400,26624-1-2,10.1,,84.34,29.6,254.68,0,186.37,0.07
401,26624-1-2,10.2,,84.34,29.61,244.77,0,188.11,0.06
402,26624-1-2,10.3,,84.34,29.61,233.35,0,189.64,0.04
403,26624-1-2,10.4,,84.34,29.61,232.17,0,190.98,0.03
404,26624-1-2,10.5,,84.34,29.61,242.16,0,192.32,0.02
405,26624-1-2,10.6,,84.34,29.6,235.33,0,193.67,0.02
406,26624-1-2,10.7,,84.34,29.6,213.61,0,194.93,0.01
407,26624-1-2,10.8,,84.34,29.6,178.72,0,196.04,0.01
408,26624-1-2,10.9,,84.34,29.6,150.85,0,197.01,0
409,26624-1-2,11,,84.34,29.6,155.06,0,197.82,0.01
410,26624-1-2,11.1,,84.34,29.6,161.77,0,198.49,0.01
411,26624-1-2,11.2,,84.35,29.6,167.31,0,199.06,0.01
412,26624-1-2,11.3,,84.35,29.6,170.91,0,199.57,0.01
413,26624-1-2,11.4,,84.35,29.6,173.93,0,200.05,0.01
414,26624-1-2,11.5,,84.35,29.6,177.16,0,200.47,0.01
415,26624-1-2,11.6,,84.35,29.6,181.3,0,200.82,0.01
416,26624-1-2,11.7,,84.35,29.6,186.83,0,201.09,0.01
417,26624-1-2,11.8,,84.35,29.6,191.76,0,201.26,0.01
418,26624-1-2,11.9,,84.35,29.59,193.64,0,201.34,0.01
419,26624-1-2,12,,84.35,29.59,191.31,0,201.32,0.01
420,26624-1-2,12.1,,84.34,29.59,184.18,0,201.24,0.01
421,26624-1-2,12.2,,84.34,29.59,171.45,0,201.11,0.01
422,26624-1-2,12.3,,84.34,29.59,153.6,0,200.94,0.02
423,26624-1-2,12.4,,84.34,29.58,125.62,0,200.72,0.02
424,26624-1-2,12.5,,84.34,29.58,99.9,0,200.43,0.1
425,26624-1-2,12.6,,84.34,29.58,94.69,0,200.07,0.32
426,26624-1-2,12.7,,84.34,29.58,93.29,0,199.64,0.6
427,26624-1-2,12.8,,84.34,29.58,92.39,0,199.08,0.87
428,26624-1-2,12.9,,84.34,29.58,91.75,0,197.59,1.08
429,26624-1-2,13,ball_snap,84.34,29.57,90.95,0,193.42,1.26
430,26624-1-2,13.1,,84.35,29.57,90.44,0.01,187.66,1.42
431,26624-1-2,13.2,,84.36,29.57,90.37,0.01,181.64,1.57
432,26624-1-2,13.3,,84.38,29.57,90.49,0.02,175.55,1.74
433,26624-1-2,13.4,,84.53,29.57,90.43,0.14,169.51,1.87
434,26624-1-2,13.5,,84.92,29.55,90.11,0.39,162.87,1.99
435,26624-1-2,13.6,,85.43,29.53,89.63,0.51,150.6,2.08
436,26624-1-2,13.7,,85.91,29.53,89.19,0.48,20.47,2.17
437,26624-1-2,13.8,,86.29,29.53,88.86,0.38,348.42,2.23
438,26624-1-2,13.9,,86.62,29.55,88.66,0.32,341.05,2.27
439,26624-1-2,14,,86.91,29.57,88.45,0.29,338.64,2.3
440,26624-1-2,14.1,,87.18,29.57,88.29,0.27,335.68,2.32
441,26624-1-2,14.2,,87.46,29.56,88.05,0.29,328.54,2.31
442,26624-1-2,14.3,,87.71,29.56,87.84,0.24,318.87,2.23
443,26624-1-2,14.4,,87.92,29.57,87.37,0.21,309.63,2.02
444,26624-1-2,14.5,,88.09,29.6,86.55,0.17,301.43,1.75
445,26624-1-2,14.6,,88.23,29.63,85.76,0.15,294.42,1.49
446,26624-1-2,14.7,,88.35,29.66,85.03,0.12,288.35,1.31
447,26624-1-2,14.8,,88.43,29.67,84.79,0.08,283.23,1.17
448,26624-1-2,14.9,,88.49,29.69,84.8,0.06,279.16,1.06
449,26624-1-2,15,,88.53,29.7,84.29,0.04,275.64,0.98
450,26624-1-2,15.1,,88.54,29.71,83.33,0.02,272.36,0.89
451,26624-1-2,15.2,,88.54,29.72,82.81,0,269.26,0.84
452,26624-1-2,15.3,,88.56,29.72,83.13,0.01,266.23,0.81
453,26624-1-2,15.4,,88.57,29.72,84.97,0.01,263.36,0.79
454,26624-1-2,15.5,,88.59,29.73,87.18,0.02,260.47,0.78
455,26624-1-2,15.6,,88.64,29.74,89.59,0.05,257.38,0.79
456,26624-1-2,15.7,,88.71,29.74,91.89,0.07,254.59,0.82
457,26624-1-2,15.8,,88.81,29.74,93.91,0.1,252.29,0.85
458,26624-1-2,15.9,,88.93,29.74,95.77,0.12,250.77,0.9
459,26624-1-2,16,,89.06,29.74,97.21,0.13,249.73,0.95
460,26624-1-2,16.1,,89.21,29.75,98.07,0.15,249.04,1
461,26624-1-2,16.2,,89.36,29.75,99.18,0.15,248.58,1.04
462,26624-1-2,16.3,,89.5,29.73,99.99,0.14,247.76,1.07
463,26624-1-2,16.4,,89.64,29.7,100.61,0.14,246.73,1.09
464,26624-1-2,16.5,pass_forward,89.77,29.67,100.99,0.14,245.96,1.1
465,26624-1-2,16.6,,89.9,29.62,101.06,0.14,245.91,1.09
466,26624-1-2,16.7,,90.02,29.58,100.71,0.12,246.6,1.07
467,26624-1-2,16.8,,90.13,29.54,101.1,0.12,247.89,1.01
468,26624-1-2,16.9,,90.24,29.5,101.59,0.11,249.25,0.95
469,26624-1-2,17,,90.33,29.46,102.44,0.1,250.29,0.86
470,26624-1-2,17.1,pass_arrived,90.4,29.42,103.53,0.08,250.93,0.77
471,26624-1-2,17.2,,90.46,29.39,103.96,0.07,251.35,0.68
472,26624-1-2,17.3,,90.53,29.36,104.12,0.07,251.49,0.58
473,26624-1-2,17.4,pass_outcome_caught,90.58,29.36,103.94,0.06,251.27,0.47
474,26624-1-2,17.5,,90.63,29.37,102.26,0.05,251.11,0.35
475,26624-1-2,17.6,,90.69,29.38,99.52,0.06,250.74,0.22
476,26624-1-2,17.7,,90.72,29.39,87.01,0.03,249.74,0.1
477,26624-1-2,17.8,,90.73,29.4,325.09,0.01,247.76,0.08
478,26624-1-2,17.9,,90.73,29.41,298.86,0.01,244.94,0.17
479,26624-1-2,18,,90.71,29.42,297.29,0.02,241.76,0.28
480,26624-1-2,18.1,,90.69,29.43,295.72,0.03,238.45,0.39
481,26624-1-2,18.2,,90.65,29.45,293.89,0.04,235.13,0.5
482,26624-1-2,18.3,,90.59,29.46,291.44,0.06,231.65,0.61
483,26624-1-2,18.4,,90.51,29.49,288.97,0.08,228.05,0.71
484,26624-1-2,18.5,,90.41,29.52,286.69,0.1,224.57,0.81
485,26624-1-2,18.6,,90.3,29.55,285.59,0.11,221.33,0.9
486,26624-1-2,18.7,,90.18,29.58,284.62,0.12,218.32,0.98
487,26624-1-2,18.8,,90.07,29.61,283.79,0.12,215.62,1.05
488,26624-1-2,18.9,,89.95,29.65,283.13,0.13,213.34,1.12
489,26624-1-2,19,first_contact,89.82,29.7,282.52,0.13,211.45,1.19
490,26624-1-2,19.1,,89.7,29.73,281.98,0.13,209.74,1.25
491,26624-1-2,19.2,,89.56,29.76,281.32,0.14,207.81,1.3
492,26624-1-2,19.3,,89.43,29.78,280.47,0.14,205.7,1.34
493,26624-1-2,19.4,out_of_bounds,89.29,29.8,279.85,0.14,203.61,1.36
494,26624-1-2,19.5,,89.16,29.83,279.12,0.14,201.68,1.38
495,26624-1-2,19.6,,89.02,29.85,278.3,0.14,199.79,1.4
496,26624-1-2,19.7,,88.89,29.86,277.63,0.14,197.82,1.41
497,26624-1-2,19.8,,88.75,29.88,276.74,0.14,195.83,1.43
498,26624-1-2,19.9,,88.6,29.9,275.76,0.15,193.74,1.44
499,26624-1-2,20,,88.45,29.91,274.71,0.15,191.46,1.45
500,26624-1-2,20.1,,88.3,29.92,273.67,0.15,189.05,1.46
501,26624-1-2,20.2,,88.15,29.93,272.69,0.15,186.63,1.46
502,26624-1-2,20.3,,87.99,29.94,271.75,0.15,184.43,1.46
503,26624-1-2,20.4,,87.84,29.94,270.72,0.15,182.53,1.47
504,26624-1-2,20.5,,87.69,29.94,269.77,0.15,180.83,1.47
505,26624-1-2,20.6,,87.55,29.95,268.96,0.15,179.11,1.48
506,26624-1-2,20.7,,87.4,29.95,268.02,0.15,177.44,1.48
507,26624-1-2,20.8,,87.25,29.96,266.84,0.15,175.79,1.48
508,26624-1-2,20.9,,87.09,29.95,265.51,0.15,174.15,1.47
509,26624-1-2,21,,86.95,29.93,264.64,0.15,172.58,1.46
510,26624-1-2,21.1,,86.8,29.9,263.87,0.15,171.13,1.45
511,26624-1-2,21.2,,86.66,29.88,262.8,0.15,169.77,1.45
512,26624-1-2,21.3,,86.51,29.86,261.65,0.15,168.44,1.45
513,26624-1-2,21.4,,86.37,29.83,260.55,0.14,167.33,1.45
514,26624-1-2,21.5,,86.23,29.81,259.28,0.14,166.49,1.45
515,26624-1-2,21.6,,86.09,29.79,257.85,0.15,165.76,1.45
516,26624-1-2,21.7,,85.94,29.75,256.5,0.15,165.01,1.44
517,26624-1-2,21.8,,85.8,29.71,255.23,0.15,164.27,1.44
518,26624-1-2,21.9,,85.68,29.68,254.22,0.13,163.6,1.43
519,26624-1-2,22,,85.55,29.65,253.59,0.13,163.08,1.44
520,26624-1-2,22.1,,85.41,29.61,252.63,0.14,162.64,1.45
521,26624-1-2,22.2,,85.27,29.56,251.44,0.15,162.16,1.45
522,26624-1-2,22.3,,85.12,29.51,250.32,0.15,161.62,1.46
523,26624-1-2,22.4,,84.98,29.46,249.3,0.15,161.23,1.46
524,26624-1-2,22.5,,84.85,29.41,248.36,0.14,160.82,1.46
525,26624-1-2,22.6,,84.72,29.35,247.77,0.14,160.14,1.46
526,26624-1-2,22.7,,84.59,29.29,247.39,0.14,159.11,1.46
527,26624-1-2,22.8,,84.46,29.22,246.64,0.15,158.13,1.47
528,26624-1-2,22.9,,84.32,29.17,245.58,0.15,157.43,1.48
529,26624-1-2,23,,84.17,29.11,244.83,0.16,156.98,1.49
530,26624-1-2,23.1,,84.03,29.03,244.16,0.16,156.61,1.48
531,26624-1-2,23.2,,83.9,28.95,243.49,0.15,156.34,1.47
532,26624-1-2,23.3,,83.77,28.89,243.24,0.15,156.21,1.47
533,26624-1-2,23.4,,83.64,28.82,243.27,0.14,156.35,1.48
534,26624-1-2,23.5,,83.51,28.76,243.22,0.15,156.62,1.48
535,26624-1-2,23.6,,83.38,28.69,243.26,0.15,156.8,1.47
536,26624-1-2,23.7,,83.25,28.62,243.2,0.15,157.12,1.47
537,26624-1-2,23.8,,83.12,28.54,242.97,0.15,157.58,1.47
538,26624-1-2,23.9,,82.99,28.47,242.99,0.15,158.14,1.46
539,26624-1-2,24,,82.87,28.4,243.42,0.14,158.58,1.46
540,26624-1-2,24.1,,82.75,28.33,243.94,0.14,158.93,1.45
541,26624-1-2,24.2,,82.62,28.27,244.1,0.14,159.17,1.44
542,26624-1-2,24.3,,82.48,28.21,244.15,0.15,159.22,1.44
543,26624-1-2,24.4,,82.35,28.15,244.1,0.14,159.19,1.43
544,26624-1-2,24.5,,82.22,28.09,244.07,0.14,159.28,1.41
545,26624-1-2,24.6,,82.09,28.03,244.31,0.14,159.36,1.4
546,26624-1-2,24.7,,81.96,27.97,244.82,0.15,159.57,1.38
547,26624-1-2,24.8,,81.82,27.91,245.09,0.15,159.97,1.36
548,26624-1-2,24.9,,81.69,27.86,245.45,0.14,160.45,1.35
549,26624-1-2,25,,81.56,27.81,245.92,0.14,160.96,1.33
550,26624-1-2,25.1,,81.44,27.75,246.04,0.13,161.46,1.32
551,26624-1-2,25.2,,81.32,27.69,246.13,0.13,161.91,1.3
552,26624-1-2,25.3,,81.2,27.64,246.47,0.13,162.22,1.28
553,26624-1-2,25.4,,81.09,27.58,247.14,0.12,162.5,1.26
554,26624-1-2,25.5,,80.98,27.53,247.75,0.12,162.81,1.24
555,26624-1-2,25.6,,80.87,27.49,248.03,0.12,162.98,1.22
556,26624-1-2,25.7,,80.76,27.44,248.17,0.12,162.86,1.19
557,26624-1-2,25.8,,80.66,27.39,248.1,0.11,162.56,1.17
558,26624-1-2,25.9,,80.55,27.35,247.97,0.11,162.1,1.15
559,26624-1-3,0,huddle_start_offense,79.11,28.44,355.9,0.04,266.26,0.07
560,26624-1-3,0.1,,79.09,28.44,350.5,0.01,266.32,0.06
561,26624-1-3,0.2,,79.07,28.44,337.33,0.02,266.55,0.06
562,26624-1-3,0.3,,79.04,28.44,322.03,0.03,266.92,0.07
563,26624-1-3,0.4,,79.03,28.45,315.53,0.01,267.43,0.07
564,26624-1-3,0.5,,79.01,28.45,314.07,0.01,268.01,0.06
565,26624-1-3,0.6,,78.95,28.45,314.78,0.07,268.65,0.05
566,26624-1-3,0.7,,78.93,28.46,319.87,0.02,269.36,0.04
567,26624-1-3,0.8,,78.95,28.47,312.6,0.02,270.05,0.03
568,26624-1-3,0.9,,78.97,28.48,287.55,0.02,270.68,0.04
569,26624-1-3,1,,78.97,28.49,284.39,0.01,271.24,0.03
570,26624-1-3,1.1,,78.96,28.5,281.22,0.02,271.72,0.02
571,26624-1-3,1.2,,78.96,28.51,279.65,0.01,272.11,0.01
572,26624-1-3,1.3,,78.97,28.51,109.5,0.01,272.35,0.01
573,26624-1-3,1.4,,78.97,28.51,122.24,0.01,272.36,0.02
574,26624-1-3,1.5,,78.98,28.5,106.99,0.01,272.16,0.06
575,26624-1-3,1.6,,79.01,28.49,110.63,0.02,271.76,0.07
576,26624-1-3,1.7,,79.03,28.48,122.02,0.02,271.09,0.06
577,26624-1-3,1.8,,79.04,28.46,137.42,0.02,270,0.04
578,26624-1-3,1.9,,79.05,28.45,145.05,0.01,268.58,0.04
579,26624-1-3,2,,79.03,28.45,148.26,0.02,267.06,0.05
580,26624-1-3,2.1,,79.02,28.44,155.64,0.01,265.62,0.05
581,26624-1-3,2.2,,79.04,28.44,165.19,0.02,264.3,0.05
582,26624-1-3,2.3,,79.05,28.43,171.57,0.01,263.15,0.04
583,26624-1-3,2.4,,79.05,28.42,178.55,0.01,262.18,0.04
584,26624-1-3,2.5,,79.05,28.41,204.24,0.01,261.43,0.03
585,26624-1-3,2.6,,79.03,28.41,230.77,0.01,260.91,0.03
586,26624-1-3,2.7,,79.02,28.42,249.95,0.01,260.54,0.04
587,26624-1-3,2.8,,79.01,28.42,259.36,0.01,260.28,0.04
588,26624-1-3,2.9,,79,28.43,260.76,0.01,260.16,0.03
589,26624-1-3,3,,79,28.43,265.49,0.01,260.29,0.03
590,26624-1-3,3.1,,78.99,28.43,269.96,0.01,260.61,0.04
591,26624-1-3,3.2,,78.98,28.43,279.23,0,260.99,0.05
592,26624-1-3,3.3,,78.99,28.44,285.24,0,261.35,0.05
593,26624-1-3,3.4,,78.98,28.44,289.08,0,261.66,0.05
594,26624-1-3,3.5,,78.98,28.44,291.26,0,261.92,0.04
595,26624-1-3,3.6,,78.97,28.44,291.04,0,262.11,0.04
596,26624-1-3,3.7,,78.97,28.44,290.32,0,262.23,0.03
597,26624-1-3,3.8,,78.97,28.44,290.6,0,262.3,0.03
598,26624-1-3,3.9,,78.97,28.44,292.59,0,262.37,0.02
599,26624-1-3,4,,78.97,28.44,295.81,0,262.43,0.02
600,26624-1-3,4.1,,78.97,28.44,298.05,0,262.49,0.02
601,26624-1-3,4.2,,78.97,28.44,297.65,0,262.55,0.02
602,26624-1-3,4.3,,78.97,28.44,301.61,0,262.62,0.02
603,26624-1-3,4.4,,78.96,28.44,306.71,0,262.69,0.02
604,26624-1-3,4.5,,78.96,28.44,313.62,0,262.76,0.03
605,26624-1-3,4.6,,78.96,28.44,318.92,0,262.82,0.03
606,26624-1-3,4.7,,78.96,28.45,323.14,0,262.87,0.03
607,26624-1-3,4.8,,78.96,28.45,328.91,0,262.91,0.04
608,26624-1-3,4.9,,78.95,28.45,339.78,0,262.95,0.06
609,26624-1-3,5,,78.95,28.45,352.78,0,262.98,0.15
610,26624-1-3,5.1,,78.95,28.45,358.43,0,262.99,0.27
611,26624-1-3,5.2,,78.95,28.46,1.34,0,262.98,0.37
612,26624-1-3,5.3,,78.94,28.46,4.28,0.01,262.89,0.44
613,26624-1-3,5.4,,78.94,28.47,7.66,0.01,262.41,0.48
614,26624-1-3,5.5,,78.94,28.48,11.04,0.01,261.29,0.51
615,26624-1-3,5.6,,78.94,28.48,13.95,0.01,259.5,0.54
616,26624-1-3,5.7,,78.94,28.5,16.33,0.01,257.14,0.57
617,26624-1-3,5.8,huddle_break_offense,78.93,28.54,18.11,0.04,254.21,0.6
618,26624-1-3,5.9,,78.94,28.7,19.63,0.16,250.61,0.63
619,26624-1-3,6,,78.95,28.93,21.05,0.23,246.4,0.66
620,26624-1-3,6.1,,78.98,29.11,22.9,0.18,241.61,0.69
621,26624-1-3,6.2,,79.02,29.23,25.1,0.12,236.1,0.7
622,26624-1-3,6.3,,79.08,29.3,27.31,0.09,229.98,0.72
623,26624-1-3,6.4,,79.14,29.35,29.42,0.08,223.51,0.74
624,26624-1-3,6.5,,79.19,29.39,31.48,0.07,217.01,0.75
625,26624-1-3,6.6,,79.24,29.43,33.71,0.07,210.79,0.75
626,26624-1-3,6.7,,79.29,29.48,36.67,0.06,205.06,0.74
627,26624-1-3,6.8,,79.33,29.52,43.09,0.06,199.88,0.69
628,26624-1-3,6.9,,79.38,29.56,52.62,0.06,195.2,0.61
629,26624-1-3,7,,79.43,29.6,62.27,0.06,191.16,0.56
630,26624-1-3,7.1,,79.48,29.61,69.28,0.06,187.88,0.53
631,26624-1-3,7.2,,79.54,29.63,73.51,0.06,185.25,0.51
632,26624-1-3,7.3,,79.59,29.63,76.06,0.05,183.25,0.49
633,26624-1-3,7.4,,79.64,29.63,77.92,0.05,182.03,0.47
634,26624-1-3,7.5,,79.69,29.62,80.18,0.05,181.45,0.46
635,26624-1-3,7.6,,79.73,29.6,83.05,0.05,181.24,0.45
636,26624-1-3,7.7,,79.78,29.6,85.35,0.05,181.32,0.43
637,26624-1-3,7.8,,79.83,29.59,87.29,0.05,181.61,0.41
638,26624-1-3,7.9,,79.87,29.58,89.52,0.05,182.05,0.38
639,26624-1-3,8,,79.92,29.56,91.2,0.05,182.72,0.35
640,26624-1-3,8.1,,79.96,29.56,93.12,0.04,183.45,0.31
641,26624-1-3,8.2,,80,29.56,94.5,0.04,184.08,0.27
642,26624-1-3,8.3,,80.03,29.57,95,0.03,184.55,0.24
643,26624-1-3,8.4,,80.06,29.57,93.65,0.03,184.9,0.2
644,26624-1-3,8.5,,80.09,29.57,91.63,0.03,185.1,0.16
645,26624-1-3,8.6,,80.1,29.58,92.07,0.02,185.22,0.12
646,26624-1-3,8.7,,80.11,29.6,93.14,0.02,185.31,0.07
647,26624-1-3,8.8,,80.11,29.6,95.74,0,185.36,0.03
648,26624-1-3,8.9,,80.1,29.6,223.01,0.01,185.31,0.02
649,26624-1-3,9,,80.1,29.59,266.67,0.01,185.24,0.04
650,26624-1-3,9.1,line_set,80.08,29.59,271.9,0.01,185.24,0.07
651,26624-1-3,9.2,,80.07,29.6,271.36,0.02,185.09,0.1
652,26624-1-3,9.3,,80.05,29.6,268.98,0.02,184.98,0.12
653,26624-1-3,9.4,,80.03,29.6,266.49,0.02,185.04,0.15
654,26624-1-3,9.5,,80,29.59,263.14,0.03,185.27,0.16
655,26624-1-3,9.6,,79.96,29.59,258.96,0.04,185.67,0.18
656,26624-1-3,9.7,,79.93,29.57,257.99,0.03,186.09,0.18
657,26624-1-3,9.8,,79.91,29.55,258.67,0.03,186.32,0.19
658,26624-1-3,9.9,,79.89,29.55,259.15,0.02,186.32,0.19
659,26624-1-3,10,,79.87,29.56,258.32,0.02,186.14,0.19
660,26624-1-3,10.1,,79.85,29.57,256.89,0.02,185.8,0.18
661,26624-1-3,10.2,,79.83,29.57,254.99,0.02,185.32,0.18
662,26624-1-3,10.3,,79.82,29.56,252.45,0.02,184.76,0.17
663,26624-1-3,10.4,,79.81,29.55,250.1,0.01,184.24,0.15
664,26624-1-3,10.5,,79.8,29.54,248.23,0.02,183.72,0.13
665,26624-1-3,10.6,,79.79,29.53,248.49,0.01,183.04,0.12
666,26624-1-3,10.7,,79.78,29.53,250.82,0.01,182.19,0.1
667,26624-1-3,10.8,,79.77,29.53,247.75,0.01,181.16,0.1
668,26624-1-3,10.9,,79.76,29.53,241.24,0.01,180.11,0.09
669,26624-1-3,11,,79.75,29.52,234.99,0.01,179.2,0.08
670,26624-1-3,11.1,,79.74,29.51,232.18,0.01,178.46,0.08
671,26624-1-3,11.2,,79.74,29.51,232.44,0.01,177.88,0.07
672,26624-1-3,11.3,,79.74,29.5,232.21,0.01,177.4,0.06
673,26624-1-3,11.4,,79.73,29.5,231.38,0,177.01,0.05
674,26624-1-3,11.5,,79.73,29.49,227.05,0,176.65,0.04
675,26624-1-3,11.6,,79.73,29.49,219.83,0,176.3,0.04
676,26624-1-3,11.7,,79.73,29.49,209.21,0,175.96,0.03
677,26624-1-3,11.8,,79.73,29.49,196.24,0,175.67,0.03
678,26624-1-3,11.9,,79.72,29.49,179.96,0,175.46,0.02
679,26624-1-3,12,,79.72,29.48,161.43,0,175.32,0.02
680,26624-1-3,12.1,man_in_motion,79.73,29.48,141.23,0,175.25,0.02
681,26624-1-3,12.2,,79.73,29.48,122.66,0,175.21,0.02
682,26624-1-3,12.3,,79.73,29.48,112.71,0,175.2,0.02
683,26624-1-3,12.4,,79.73,29.48,106.67,0,175.21,0.02
684,26624-1-3,12.5,,79.74,29.48,101.33,0,175.24,0.02
685,26624-1-3,12.6,,79.74,29.48,97.91,0,175.3,0.03
686,26624-1-3,12.7,,79.74,29.48,96.03,0,175.38,0.03
687,26624-1-3,12.8,,79.75,29.48,94.82,0,175.47,0.03
688,26624-1-3,12.9,,79.75,29.48,94.51,0,175.58,0.03
689,26624-1-3,13,,79.76,29.48,94.37,0,175.7,0.03
690,26624-1-3,13.1,,79.76,29.48,94.29,0,175.82,0.03
691,26624-1-3,13.2,,79.76,29.48,94.33,0,175.94,0.03
692,26624-1-3,13.3,,79.77,29.48,94.53,0,176.07,0.03
693,26624-1-3,13.4,,79.77,29.48,94.74,0,176.19,0.03
694,26624-1-3,13.5,,79.77,29.48,95.2,0,176.29,0.03
695,26624-1-3,13.6,,79.78,29.48,95.74,0,176.39,0.03
696,26624-1-3,13.7,,79.78,29.48,96.33,0,176.47,0.03
697,26624-1-3,13.8,,79.78,29.48,96.93,0,176.54,0.03
698,26624-1-3,13.9,,79.78,29.48,97.62,0,176.58,0.03
699,26624-1-3,14,,79.79,29.48,97.9,0,176.61,0.02
700,26624-1-3,14.1,,79.79,29.48,98.44,0,176.63,0.02
701,26624-1-3,14.2,,79.79,29.48,98.45,0,176.65,0.02
702,26624-1-3,14.3,,79.79,29.48,97.94,0,176.65,0.02
703,26624-1-3,14.4,,79.79,29.48,96.83,0,176.65,0.02
704,26624-1-3,14.5,,79.8,29.48,95.38,0,176.66,0.02
705,26624-1-3,14.6,,79.8,29.48,92.96,0,176.67,0.02
706,26624-1-3,14.7,,79.8,29.48,89.46,0,176.68,0.01
707,26624-1-3,14.8,,79.8,29.48,85.61,0,176.71,0.01
708,26624-1-3,14.9,,79.8,29.48,81.32,0,176.75,0.01
709,26624-1-3,15,,79.81,29.48,75.95,0,176.81,0.01
710,26624-1-3,15.1,,79.81,29.48,70.91,0,176.89,0.01
711,26624-1-3,15.2,,79.81,29.48,66.03,0,176.98,0.01
712,26624-1-3,15.3,,79.81,29.48,60.03,0,177.1,0.01
713,26624-1-3,15.4,,79.81,29.48,51.89,0,177.22,0.01
714,26624-1-3,15.5,,79.81,29.48,41.81,0,177.35,0
715,26624-1-3,15.6,,79.81,29.48,29.04,0,177.48,0
716,26624-1-3,15.7,,79.81,29.48,13.82,0,177.61,0
717,26624-1-3,15.8,,79.8,29.48,357.58,0,177.75,0
718,26624-1-3,15.9,,79.8,29.48,343.07,0,177.88,0
719,26624-1-3,16,,79.8,29.48,331.58,0,178.01,0.01
720,26624-1-3,16.1,,79.8,29.48,322.43,0,178.13,0.01
721,26624-1-3,16.2,,79.8,29.48,315.92,0,178.25,0.01
722,26624-1-3,16.3,,79.8,29.48,312.2,0,178.36,0.01
723,26624-1-3,16.4,,79.8,29.48,309.27,0,178.46,0.01
724,26624-1-3,16.5,,79.8,29.48,306.58,0,178.56,0.01
725,26624-1-3,16.6,,79.8,29.48,304.16,0,178.67,0.01
726,26624-1-3,16.7,,79.8,29.49,301.67,0,178.79,0.01
727,26624-1-3,16.8,,79.8,29.49,298.34,0,178.94,0.01
728,26624-1-3,16.9,,79.8,29.49,295.55,0,179.11,0.01
729,26624-1-3,17,,79.8,29.49,293.26,0,179.31,0.02
730,26624-1-3,17.1,,79.8,29.49,291.53,0,179.52,0.02
731,26624-1-3,17.2,,79.79,29.49,290.43,0,179.76,0.02
732,26624-1-3,17.3,,79.79,29.49,289.75,0,180.02,0.02
733,26624-1-3,17.4,,79.79,29.49,289.24,0,180.29,0.02
734,26624-1-3,17.5,,79.79,29.49,288.47,0,180.59,0.02
735,26624-1-3,17.6,,79.79,29.49,287.25,0,180.9,0.02
736,26624-1-3,17.7,,79.78,29.49,286.11,0,181.23,0.02
737,26624-1-3,17.8,,79.78,29.49,285.13,0,181.56,0.02
738,26624-1-3,17.9,,79.78,29.49,284.72,0,181.88,0.02
739,26624-1-3,18,,79.78,29.49,284.32,0,182.17,0.02
740,26624-1-3,18.1,,79.78,29.49,283.76,0,182.44,0.02
741,26624-1-3,18.2,,79.77,29.5,282.64,0,182.68,0.01
742,26624-1-3,18.3,,79.77,29.5,280.53,0,182.89,0.01
743,26624-1-3,18.4,,79.77,29.5,277.19,0,183.09,0.01
744,26624-1-3,18.5,,79.77,29.5,273.31,0,183.27,0.01
745,26624-1-3,18.6,,79.77,29.49,270.97,0,183.43,0.01
746,26624-1-3,18.7,,79.77,29.49,269.9,0,183.57,0.01
747,26624-1-3,18.8,,79.77,29.5,269.98,0,183.69,0.01
748,26624-1-3,18.9,,79.77,29.5,269.75,0,183.78,0.01
749,26624-1-3,19,,79.77,29.5,267.63,0,183.87,0.01
750,26624-1-3,19.1,,79.77,29.5,263.3,0,183.95,0
751,26624-1-3,19.2,,79.77,29.5,254.38,0,184.05,0
752,26624-1-3,19.3,,79.77,29.5,242.8,0,184.16,0
753,26624-1-3,19.4,,79.77,29.5,233.37,0,184.29,0
754,26624-1-3,19.5,,79.77,29.5,222.15,0,184.45,0
755,26624-1-3,19.6,,79.77,29.49,203.52,0,184.62,0
756,26624-1-3,19.7,,79.77,29.49,182.82,0,184.81,0
757,26624-1-3,19.8,,79.77,29.49,168.71,0,185.02,0
758,26624-1-3,19.9,,79.77,29.49,162.37,0,185.24,0
759,26624-1-3,20,,79.77,29.49,160.44,0,185.49,0
760,26624-1-3,20.1,,79.77,29.49,159.69,0,185.76,0.01
761,26624-1-3,20.2,,79.77,29.49,159.92,0,186.03,0.01
762,26624-1-3,20.3,,79.77,29.49,160.35,0,186.31,0.01
763,26624-1-3,20.4,,79.77,29.49,160.34,0,186.58,0.01
764,26624-1-3,20.5,,79.77,29.49,160.23,0,186.83,0
765,26624-1-3,20.6,,79.77,29.49,161.27,0,187.05,0
766,26624-1-3,20.7,,79.77,29.49,163.64,0,187.25,0
767,26624-1-3,20.8,,79.77,29.49,166.76,0,187.42,0
768,26624-1-3,20.9,,79.77,29.49,171.31,0,187.57,0
769,26624-1-3,21,,79.77,29.49,176.98,0,187.7,0
770,26624-1-3,21.1,,79.77,29.49,183.08,0,187.79,0
771,26624-1-3,21.2,,79.77,29.49,188.38,0,187.87,0
772,26624-1-3,21.3,,79.77,29.49,194.43,0,187.91,0
773,26624-1-3,21.4,,79.77,29.49,203.74,0,187.93,0
774,26624-1-3,21.5,,79.77,29.49,215.44,0,187.93,0
775,26624-1-3,21.6,,79.77,29.49,224.98,0,187.92,0
776,26624-1-3,21.7,,79.77,29.49,232.01,0,187.88,0
777,26624-1-3,21.8,,79.77,29.49,238.73,0,187.84,0
778,26624-1-3,21.9,,79.77,29.49,246.95,0,187.79,0
779,26624-1-3,22,,79.77,29.49,255.46,0,187.73,0
780,26624-1-3,22.1,,79.77,29.49,261.19,0,187.66,0
781,26624-1-3,22.2,,79.77,29.49,264,0,187.57,0
782,26624-1-3,22.3,,79.76,29.49,265.88,0,187.46,0.01
783,26624-1-3,22.4,,79.76,29.49,268.32,0,187.34,0.01
784,26624-1-3,22.5,,79.76,29.48,270,0,187.22,0.01
785,26624-1-3,22.6,,79.76,29.48,271.85,0,187.12,0.01
786,26624-1-3,22.7,,79.76,29.48,273.31,0,187.06,0.01
787,26624-1-3,22.8,,79.76,29.49,273.38,0,187.04,0.01
788,26624-1-3,22.9,ball_snap,79.76,29.49,268.44,0,187.1,0.01
789,26624-1-3,23,,79.76,29.49,252.5,0,187.23,0
790,26624-1-3,23.1,,79.76,29.49,191.98,0,187.45,0
791,26624-1-3,23.2,,79.76,29.49,142.23,0,187.75,0.01
792,26624-1-3,23.3,,79.76,29.49,122.36,0,188.15,0.02
793,26624-1-3,23.4,,79.76,29.49,114.65,0,188.64,0.1
794,26624-1-3,23.5,,79.75,29.49,112.36,0,189.23,0.29
795,26624-1-3,23.6,,79.75,29.49,111.05,0,189.92,0.53
796,26624-1-3,23.7,,79.75,29.49,110.71,0,190.76,0.72
797,26624-1-3,23.8,handoff,79.76,29.49,110.86,0,192.18,0.84
798,26624-1-3,23.9,,79.76,29.48,110.83,0,194.19,0.92
799,26624-1-3,24,,79.76,29.48,110.98,0.01,196.33,0.98
800,26624-1-3,24.1,,79.77,29.48,110.78,0.01,198.09,1.02
801,26624-1-3,24.2,,79.79,29.47,111.02,0.02,199.3,1.06
802,26624-1-3,24.3,,79.93,29.41,111.61,0.14,199.98,1.1
803,26624-1-3,24.4,,80.25,29.28,112.5,0.35,200.08,1.14
804,26624-1-3,24.5,,80.65,29.14,113.75,0.42,199.65,1.16
805,26624-1-3,24.6,,80.97,29.03,115.37,0.34,198.77,1.18
806,26624-1-3,24.7,,81.17,28.95,117.48,0.22,197.49,1.19
807,26624-1-3,24.8,,81.31,28.9,119.63,0.15,195.84,1.19
808,26624-1-3,24.9,,81.4,28.86,122.06,0.1,194,1.2
809,26624-1-3,25,,81.48,28.83,124.81,0.08,191.41,1.2
810,26624-1-3,25.1,,81.54,28.8,127.95,0.07,187.96,1.19
811,26624-1-3,25.2,,81.6,28.76,132.18,0.07,184.15,1.13
812,26624-1-3,25.3,,81.64,28.7,140.23,0.07,180.58,0.97
813,26624-1-3,25.4,,81.66,28.65,153.66,0.06,177.41,0.81
814,26624-1-3,25.5,first_contact,81.67,28.58,169.16,0.07,174.65,0.74
815,26624-1-3,25.6,,81.65,28.5,181.46,0.08,172.33,0.74
816,26624-1-3,25.7,,81.63,28.42,190.72,0.08,170.17,0.78
817,26624-1-3,25.8,,81.59,28.34,197.61,0.09,168.1,0.83
818,26624-1-3,25.9,,81.54,28.24,202.9,0.1,166.2,0.9
819,26624-1-3,26,tackle,81.49,28.15,206.93,0.11,164.46,0.98
820,26624-1-3,26.1,,81.43,28.05,210.56,0.11,162.59,1.05
821,26624-1-3,26.2,,81.36,27.95,213.27,0.12,160.77,1.12
822,26624-1-3,26.3,,81.29,27.85,215.65,0.13,159.08,1.17
823,26624-1-3,26.4,,81.22,27.73,217.72,0.13,157.53,1.22
824,26624-1-3,26.5,,81.14,27.62,219.59,0.14,155.93,1.26
825,26624-1-3,26.6,,81.05,27.52,221.64,0.13,154.32,1.3
826,26624-1-3,26.7,,80.95,27.43,223.17,0.13,152.7,1.33
827,26624-1-3,26.8,,80.85,27.33,224.57,0.14,151.11,1.36
828,26624-1-3,26.9,,80.75,27.23,225.75,0.15,149.88,1.38
829,26624-1-3,27,,80.64,27.13,226.86,0.14,148.97,1.4
830,26624-1-3,27.1,,80.54,27.02,228.32,0.15,148.21,1.42
831,26624-1-3,27.2,,80.43,26.93,229.88,0.15,147.56,1.43
832,26624-1-3,27.3,,80.32,26.84,231.89,0.15,147.13,1.44
833,26624-1-3,27.4,,80.2,26.75,233.95,0.15,146.85,1.44
834,26624-1-3,27.5,,80.07,26.67,235.88,0.15,146.78,1.45
835,26624-1-3,27.6,,79.95,26.59,237.21,0.15,146.95,1.45
836,26624-1-3,27.7,,79.83,26.5,238.69,0.15,147.39,1.46
837,26624-1-3,27.8,,79.71,26.41,240.48,0.15,148.04,1.46
838,26624-1-3,27.9,,79.59,26.32,242.32,0.15,148.85,1.46
839,26624-1-3,28,,79.46,26.25,244.34,0.15,149.84,1.46
840,26624-1-3,28.1,,79.32,26.19,246.12,0.15,150.85,1.46
841,26624-1-3,28.2,,79.19,26.14,247.74,0.15,151.84,1.46
842,26624-1-3,28.3,,79.05,26.09,249.28,0.15,152.92,1.46
843,26624-1-3,28.4,,78.9,26.06,250.47,0.15,154.08,1.45
844,26624-1-3,28.5,,78.75,26.02,251.73,0.15,155.21,1.45
845,26624-1-3,28.6,,78.61,25.97,253.07,0.15,156.32,1.44
846,26624-1-3,28.7,,78.47,25.94,254.61,0.15,157.35,1.44
847,26624-1-3,28.8,,78.32,25.91,256.36,0.15,158.27,1.43
848,26624-1-3,28.9,,78.17,25.88,257.72,0.15,159.13,1.43
849,26624-1-3,29,,78.02,25.86,258.77,0.15,159.98,1.42
850,26624-1-3,29.1,,77.88,25.84,259.47,0.14,160.86,1.41
851,26624-1-3,29.2,,77.75,25.82,260.24,0.14,161.56,1.4
852,26624-1-3,29.3,,77.61,25.8,260.76,0.14,162.06,1.38
853,26624-1-3,29.4,,77.47,25.77,261.24,0.14,162.44,1.37
854,26624-1-3,29.5,,77.34,25.74,261.73,0.14,162.67,1.36
855,26624-1-4,0,,71.61,27.71,246.82,0.02,170.32,0.16
856,26624-1-4,0.1,line_set,71.59,27.7,250.4,0.02,169.04,0.14
857,26624-1-4,0.2,,71.58,27.7,252.49,0.02,167.87,0.13
858,26624-1-4,0.3,,71.56,27.69,251.79,0.02,166.89,0.12
859,26624-1-4,0.4,,71.54,27.69,251.56,0.02,166.12,0.11
860,26624-1-4,0.5,,71.52,27.68,250.72,0.02,165.57,0.11
861,26624-1-4,0.6,,71.5,27.67,250.62,0.02,165.22,0.1
862,26624-1-4,0.7,,71.49,27.66,251.07,0.02,165.04,0.09
863,26624-1-4,0.8,,71.48,27.66,252.54,0.01,164.98,0.08
864,26624-1-4,0.9,,71.47,27.66,254.4,0,165.05,0.07
865,26624-1-4,1,,71.47,27.67,257,0,165.23,0.06
866,26624-1-4,1.1,,71.48,27.67,258.13,0,165.55,0.05
867,26624-1-4,1.2,,71.48,27.67,257.44,0,165.94,0.03
868,26624-1-4,1.3,,71.48,27.67,257.44,0,166.4,0.02
869,26624-1-4,1.4,,71.48,27.67,268.08,0,166.87,0.01
870,26624-1-4,1.5,,71.48,27.67,29.52,0,167.28,0.01
871,26624-1-4,1.6,,71.49,27.67,48.96,0,167.61,0.02
872,26624-1-4,1.7,,71.49,27.68,57.04,0,167.86,0.02
873,26624-1-4,1.8,,71.49,27.68,63.32,0,168.08,0.03
874,26624-1-4,1.9,,71.49,27.68,68.73,0,168.29,0.03
875,26624-1-4,2,,71.5,27.68,72.07,0,168.52,0.03
876,26624-1-4,2.1,,71.5,27.68,74.22,0,168.76,0.03
877,26624-1-4,2.2,,71.5,27.68,75.72,0,169.03,0.03
878,26624-1-4,2.3,,71.51,27.68,76.4,0,169.29,0.03
879,26624-1-4,2.4,,71.51,27.68,76.71,0,169.56,0.03
880,26624-1-4,2.5,,71.51,27.68,77.14,0,169.84,0.03
881,26624-1-4,2.6,,71.51,27.68,78.15,0,170.12,0.03
882,26624-1-4,2.7,,71.52,27.68,79.26,0,170.39,0.04
883,26624-1-4,2.8,,71.52,27.68,80.03,0,170.65,0.04
884,26624-1-4,2.9,,71.53,27.68,80.45,0,170.88,0.04
885,26624-1-4,3,,71.53,27.68,80.65,0,171.09,0.04
886,26624-1-4,3.1,,71.53,27.69,81,0,171.27,0.04
887,26624-1-4,3.2,,71.54,27.69,81.67,0,171.42,0.04
888,26624-1-4,3.3,,71.54,27.69,82.11,0,171.55,0.04
889,26624-1-4,3.4,,71.54,27.69,82.52,0,171.66,0.04
890,26624-1-4,3.5,,71.55,27.69,83.2,0,171.75,0.03
891,26624-1-4,3.6,,71.55,27.69,83.97,0,171.82,0.03
892,26624-1-4,3.7,,71.56,27.69,84.7,0,171.88,0.03
893,26624-1-4,3.8,,71.56,27.69,85.64,0,171.92,0.03
894,26624-1-4,3.9,,71.56,27.69,87.19,0,171.95,0.03
895,26624-1-4,4,,71.57,27.69,89.38,0,171.98,0.02
896,26624-1-4,4.1,,71.57,27.69,92.23,0,172,0.02
897,26624-1-4,4.2,,71.57,27.69,96.05,0,172.01,0.02
898,26624-1-4,4.3,,71.57,27.69,101.15,0,172.02,0.02
899,26624-1-4,4.4,,71.58,27.69,107.57,0,172.02,0.02
900,26624-1-4,4.5,,71.58,27.69,115.06,0,172.02,0.01
901,26624-1-4,4.6,,71.58,27.69,123.32,0,172.01,0.01
902,26624-1-4,4.7,,71.58,27.69,131.84,0,171.99,0.01
903,26624-1-4,4.8,,71.58,27.69,139.76,0,171.96,0.01
904,26624-1-4,4.9,,71.58,27.69,146.26,0,171.93,0.01
905,26624-1-4,5,,71.58,27.68,150.34,0,171.9,0.01
906,26624-1-4,5.1,,71.57,27.68,152.02,0,171.86,0.01
907,26624-1-4,5.2,,71.57,27.68,151.27,0,171.8,0.02
908,26624-1-4,5.3,,71.57,27.68,148.74,0,171.72,0.02
909,26624-1-4,5.4,,71.58,27.68,145.45,0,171.63,0.02
910,26624-1-4,5.5,,71.58,27.68,141.68,0,171.5,0.03
911,26624-1-4,5.6,ball_snap,71.58,27.68,136.66,0,171.35,0.05
912,26624-1-4,5.7,,71.58,27.67,133.23,0,171.17,0.16
913,26624-1-4,5.8,,71.58,27.67,133.08,0,170.95,0.35
914,26624-1-4,5.9,,71.58,27.67,133.19,0,170.68,0.55
915,26624-1-4,6,,71.58,27.67,133.03,0,170.29,0.7
916,26624-1-4,6.1,,71.59,27.67,132.71,0,169.39,0.82
917,26624-1-4,6.2,,71.59,27.66,132.38,0.01,168.17,0.93
918,26624-1-4,6.3,,71.6,27.66,132.46,0.01,167.34,1.02
919,26624-1-4,6.4,,71.61,27.65,132.41,0.01,167.16,1.11
920,26624-1-4,6.5,,71.64,27.63,132.42,0.04,167.51,1.2
921,26624-1-4,6.6,handoff,71.79,27.49,132.41,0.2,168.45,1.29
922,26624-1-4,6.7,,72.04,27.25,132.23,0.35,169.9,1.37
923,26624-1-4,6.8,,72.29,27.01,131.69,0.35,171.71,1.44
924,26624-1-4,6.9,,72.5,26.82,130.95,0.28,173.98,1.51
925,26624-1-4,7,,72.66,26.68,130.31,0.22,176.55,1.57
926,26624-1-4,7.1,,72.81,26.55,129.74,0.19,179.37,1.62
927,26624-1-4,7.2,,72.94,26.43,129.09,0.17,182.39,1.67
928,26624-1-4,7.3,,73.05,26.33,128.28,0.15,185.75,1.72
929,26624-1-4,7.4,,73.17,26.22,127.49,0.16,189.11,1.74
930,26624-1-4,7.5,,73.29,26.11,126.45,0.16,191.9,1.68
931,26624-1-4,7.6,,73.4,26.02,124.77,0.15,194.06,1.53
932,26624-1-4,7.7,,73.52,25.94,122.66,0.14,195.69,1.37
933,26624-1-4,7.8,,73.64,25.89,120.63,0.13,196.75,1.25
934,26624-1-4,7.9,first_contact,73.74,25.84,119.02,0.12,197.21,1.16
935,26624-1-4,8,,73.84,25.79,117.41,0.11,197.19,1.07
936,26624-1-4,8.1,,73.94,25.76,115.49,0.1,196.55,0.99
937,26624-1-4,8.2,,74.03,25.74,113.99,0.1,195.55,0.92
938,26624-1-4,8.3,,74.13,25.71,112.34,0.1,194.03,0.84
939,26624-1-4,8.4,,74.21,25.7,110.71,0.09,192.27,0.76
940,26624-1-4,8.5,,74.3,25.69,109.4,0.08,190.55,0.68
941,26624-1-4,8.6,,74.37,25.68,109.32,0.08,188.89,0.59
942,26624-1-4,8.7,,74.44,25.67,110.77,0.06,187.19,0.51
943,26624-1-4,8.8,tackle,74.49,25.67,113.4,0.05,185.25,0.43
944,26624-1-4,8.9,,74.52,25.66,117.51,0.04,183.01,0.35
945,26624-1-4,9,,74.55,25.66,125.69,0.03,180.51,0.27
946,26624-1-4,9.1,,74.56,25.66,141.93,0.01,177.94,0.21
947,26624-1-4,9.2,,74.56,25.65,168.88,0.01,175.42,0.17
948,26624-1-4,9.3,,74.56,25.63,198.68,0.02,173.02,0.19
949,26624-1-4,9.4,,74.55,25.61,219.25,0.02,170.62,0.23
950,26624-1-4,9.5,,74.53,25.59,231.62,0.03,168.38,0.3
951,26624-1-4,9.6,,74.5,25.56,238.1,0.04,166.17,0.38
952,26624-1-4,9.7,,74.46,25.53,242.25,0.05,163.97,0.45
953,26624-1-4,9.8,,74.4,25.5,245.08,0.07,161.97,0.51
954,26624-1-4,9.9,,74.33,25.47,246.52,0.07,160.3,0.58
955,26624-1-4,10,,74.26,25.45,248.32,0.08,158.97,0.63
956,26624-1-4,10.1,,74.19,25.42,249.83,0.08,157.89,0.69
957,26624-1-4,10.2,,74.11,25.39,250.31,0.08,156.96,0.73
958,26624-1-4,10.3,,74.03,25.36,251.14,0.08,156.14,0.77
959,26624-1-4,10.4,,73.95,25.34,252.47,0.09,155.46,0.81
960,26624-1-4,10.5,,73.86,25.32,253.82,0.09,154.92,0.84
961,26624-1-4,10.6,,73.78,25.29,254.6,0.09,154.7,0.87
962,26624-1-4,10.7,,73.68,25.27,254.88,0.1,154.88,0.89
963,26624-1-4,10.8,,73.59,25.25,255.31,0.09,155.5,0.91
964,26624-1-4,10.9,,73.5,25.24,255.52,0.09,156.37,0.93
965,26624-1-4,11,,73.41,25.22,255.65,0.09,157.3,0.95
966,26624-1-4,11.1,,73.32,25.19,255.3,0.09,158.13,0.96
967,26624-1-4,11.2,,73.24,25.16,254.76,0.09,158.92,0.98
968,26624-1-4,11.3,,73.15,25.15,254.03,0.09,159.81,1
969,26624-1-4,11.4,,73.05,25.14,253.45,0.1,160.85,1.02
970,26624-1-4,11.5,,72.95,25.11,252.59,0.11,161.89,1.03
971,26624-1-4,11.6,,72.85,25.08,251.98,0.11,162.85,1.04
972,26624-1-4,11.7,,72.74,25.06,250.89,0.11,163.58,1.05
973,26624-1-4,11.8,,72.64,25.03,249.26,0.11,163.93,1.06
974,26624-1-4,11.9,,72.53,24.99,248.3,0.11,163.91,1.07
975,26624-1-4,12,,72.43,24.95,248.18,0.11,163.52,1.08
976,26624-1-4,12.1,,72.33,24.9,247.71,0.11,162.99,1.09
977,26624-1-4,12.2,,72.22,24.85,247.01,0.12,162.52,1.1
978,26624-1-4,12.3,,72.11,24.8,246.34,0.12,162.09,1.11
979,26624-1-4,12.4,,72.01,24.74,245.99,0.12,161.63,1.11
980,26624-1-4,12.5,,71.9,24.69,245.84,0.12,161.15,1.11
981,26624-1-4,12.6,,71.8,24.63,245.7,0.11,160.57,1.11
982,26624-1-5,0,,68.71,26.37,230.16,0.01,188.02,0.12
983,26624-1-5,0.1,line_set,68.71,26.36,226.54,0,188.33,0.09
984,26624-1-5,0.2,,68.72,26.36,223.73,0,188.52,0.06
985,26624-1-5,0.3,,68.71,26.36,218.03,0,188.67,0.04
986,26624-1-5,0.4,,68.71,26.36,207.12,0,188.88,0.03
987,26624-1-5,0.5,,68.71,26.36,202.54,0,189.15,0.02
988,26624-1-5,0.6,,68.71,26.36,190.45,0,189.42,0.01
989,26624-1-5,0.7,,68.71,26.36,183.2,0,189.66,0.01
990,26624-1-5,0.8,,68.71,26.36,203.63,0,189.81,0.01
991,26624-1-5,0.9,,68.7,26.36,224.52,0,189.87,0.01
992,26624-1-5,1,,68.7,26.36,232.38,0,189.85,0.01
993,26624-1-5,1.1,,68.7,26.36,233.68,0,189.76,0.01
994,26624-1-5,1.2,,68.7,26.36,228.17,0,189.63,0.01
995,26624-1-5,1.3,,68.7,26.36,214.25,0,189.48,0
996,26624-1-5,1.4,,68.7,26.36,190.49,0,189.34,0
997,26624-1-5,1.5,,68.7,26.36,158.28,0,189.21,0
998,26624-1-5,1.6,,68.7,26.36,132.37,0,189.08,0